date,home_team,away_team,home_score,away_score,tournament,city,country,neutral,backend_home,backend_away,home_in_prior,away_in_prior
2026-02-25,Mexico,Iceland,4.0,0.0,Friendly,Querétaro,Mexico,False,Mexico,Iceland,True,True
2026-03-15,Bolivia,Trinidad and Tobago,3.0,0.0,Friendly,Santa Cruz,Bolivia,False,Bolivia,Trinidad and Tobago,True,True
2026-03-25,Bermuda,DR Congo,0.0,2.0,Friendly,Zapopan,Mexico,True,Bermuda,DR Congo,True,True
2026-03-25,Equatorial Guinea,Kyrgyzstan,1.0,0.0,Friendly,Antalya,Turkey,True,Equatorial Guinea,Kyrgyzstan,True,True
2026-03-25,Kazakhstan,Namibia,2.0,0.0,FIFA Series,Astana,Kazakhstan,False,Kazakhstan,Namibia,True,True
2026-03-26,Brazil,France,1.0,2.0,Friendly,Foxborough,United States,True,Brazil,France,True,True
2026-03-26,Colombia,Croatia,1.0,2.0,Friendly,Orlando,United States,True,Colombia,Croatia,True,True
2026-03-26,Cyprus,Belarus,0.0,1.0,Friendly,Nicosia,Cyprus,False,Cyprus,Belarus,True,True
2026-03-26,Georgia,Israel,2.0,2.0,Friendly,Tbilisi,Georgia,False,Georgia,Israel,True,True
2026-03-26,Moldova,Lithuania,0.0,2.0,Friendly,Chișinău,Moldova,False,Moldova,Lithuania,True,True
2026-03-26,Vietnam,Bangladesh,3.0,0.0,Friendly,Hanoi,Vietnam,False,Vietnam,Bangladesh,True,True
2026-03-26,New Caledonia,Jamaica,0.0,1.0,FIFA World Cup qualification,Zapopan,Mexico,True,New Caledonia,Jamaica,True,True
2026-03-26,Bolivia,Suriname,2.0,1.0,FIFA World Cup qualification,Guadalupe,Mexico,True,Bolivia,Suriname,True,True
2026-03-26,Italy,Northern Ireland,2.0,0.0,FIFA World Cup qualification,Bergamo,Italy,False,Italy,Northern Ireland,True,True
2026-03-26,Wales,Bosnia and Herzegovina,1.0,1.0,FIFA World Cup qualification,Cardiff,Wales,False,Wales,Bosnia and Herzegovina,True,True
2026-03-26,Poland,Albania,2.0,1.0,FIFA World Cup qualification,Warsaw,Poland,False,Poland,Albania,True,True
2026-03-26,Ukraine,Sweden,1.0,3.0,FIFA World Cup qualification,Valencia,Spain,True,Ukraine,Sweden,True,True
2026-03-26,Slovakia,Kosovo,3.0,4.0,FIFA World Cup qualification,Bratislava,Slovakia,False,Slovakia,Kosovo,True,True
2026-03-26,Turkey,Romania,1.0,0.0,FIFA World Cup qualification,Istanbul,Turkey,False,Turkey,Romania,True,True
2026-03-26,Czech Republic,Republic of Ireland,2.0,2.0,FIFA World Cup qualification,Prague,Czech Republic,False,Czech Republic,Republic of Ireland,True,True
2026-03-26,Denmark,North Macedonia,4.0,0.0,FIFA World Cup qualification,Copenhagen,Denmark,False,Denmark,North Macedonia,True,True
2026-03-26,Tanzania,Liechtenstein,0.0,1.0,FIFA Series,Kigali,Rwanda,True,Tanzania,Liechtenstein,True,True
2026-03-26,Martinique,Cuba,2.0,2.0,CONCACAF Series,Santiago de los Caballeros,Dominican Republic,True,Martinique,Cuba,True,True
2026-03-26,Dominican Republic,El Salvador,2.0,2.0,CONCACAF Series,Santiago de los Caballeros,Dominican Republic,False,Dominican Republic,El Salvador,True,True
2026-03-26,Saint Martin,Barbados,3.0,1.0,CONCACAF Series,Rincon,Bonaire,True,Saint Martin,Barbados,True,True
2026-03-26,Bonaire,Saint Vincent and the Grenadines,3.0,1.0,CONCACAF Series,Rincon,Bonaire,False,Bonaire,Saint Vincent and the Grenadines,True,True
2026-03-26,Bahamas,Anguilla,1.0,3.0,CONCACAF Series,George Town,Cayman Islands,True,Bahamas,Anguilla,True,True
2026-03-26,Cayman Islands,British Virgin Islands,1.0,1.0,CONCACAF Series,George Town,Cayman Islands,False,Cayman Islands,British Virgin Islands,True,True
2026-03-27,Algeria,Guatemala,7.0,0.0,Friendly,Genoa,Italy,True,Algeria,Guatemala,True,True
2026-03-27,Argentina,Mauritania,2.0,1.0,Friendly,Buenos Aires,Argentina,False,Argentina,Mauritania,True,True
2026-03-27,Austria,Ghana,5.0,1.0,Friendly,Vienna,Austria,False,Austria,Ghana,True,True
2026-03-27,England,Uruguay,1.0,1.0,Friendly,London,England,False,England,Uruguay,True,True
2026-03-27,Greece,Paraguay,0.0,1.0,Friendly,Athens,Greece,False,Greece,Paraguay,True,True
2026-03-27,Guinea,Togo,2.0,2.0,"Morocco, Capital of African Football",Rabat,Morocco,True,Guinea,Togo,True,True
2026-03-27,Liberia,Benin,0.0,1.0,"Morocco, Capital of African Football",Casablanca,Morocco,True,Liberia,Benin,True,True
2026-03-27,Libya,Niger,0.0,0.0,"Morocco, Capital of African Football",Casablanca,Morocco,True,Libya,Niger,True,True
2026-03-27,Montenegro,Andorra,2.0,0.0,Friendly,Podgorica,Montenegro,False,Montenegro,Andorra,True,True
2026-03-27,Morocco,Ecuador,1.0,1.0,Friendly,Madrid,Spain,True,Morocco,Ecuador,True,True
2026-03-27,Netherlands,Norway,2.0,1.0,Friendly,Amsterdam,Netherlands,False,Netherlands,Norway,True,True
2026-03-27,Saudi Arabia,Egypt,0.0,4.0,Friendly,Jeddah,Saudi Arabia,False,Saudi Arabia,Egypt,True,True
2026-03-27,South Africa,Panama,1.0,1.0,Friendly,Durban,South Africa,False,South Africa,Panama,True,True
2026-03-27,Spain,Serbia,3.0,0.0,Friendly,Villarreal,Spain,False,Spain,Serbia,True,True
2026-03-27,Switzerland,Germany,3.0,4.0,Friendly,Basel,Switzerland,False,Switzerland,Germany,True,True
2026-03-27,Costa Rica,Jordan,2.0,2.0,Friendly,Antalya,Turkey,True,Costa Rica,Jordan,True,True
2026-03-27,Iran,Nigeria,1.0,2.0,Friendly,Antalya,Turkey,True,Iran,Nigeria,True,True
2026-03-27,China,Curaçao,2.0,0.0,FIFA Series,Sydney,Australia,True,China,Curaçao,True,True
2026-03-27,Australia,Cameroon,1.0,0.0,FIFA Series,Sydney,Australia,False,Australia,Cameroon,True,True
2026-03-27,Azerbaijan,Saint Lucia,6.0,1.0,FIFA Series,Sumgait,Azerbaijan,False,Azerbaijan,Saint Lucia,True,True
2026-03-27,Solomon Islands,Bulgaria,2.0,10.0,FIFA Series,Jakarta,Indonesia,True,Solomon Islands,Bulgaria,True,True
2026-03-27,Indonesia,Saint Kitts and Nevis,4.0,0.0,FIFA Series,Jakarta,Indonesia,False,Indonesia,Saint Kitts and Nevis,True,True
2026-03-27,Chile,Cape Verde,4.0,2.0,FIFA Series,Auckland,New Zealand,True,Chile,Cape Verde,True,True
2026-03-27,New Zealand,Finland,0.0,2.0,FIFA Series,Auckland,New Zealand,False,New Zealand,Finland,True,True
2026-03-27,Kenya,Estonia,1.0,1.0,FIFA Series,Kigali,Rwanda,True,Kenya,Estonia,True,True
2026-03-27,Rwanda,Grenada,4.0,0.0,FIFA Series,Kigali,Rwanda,False,Rwanda,Grenada,True,True
2026-03-27,Venezuela,Trinidad and Tobago,4.0,1.0,FIFA Series,Tashkent,Uzbekistan,True,Venezuela,Trinidad and Tobago,True,True
2026-03-27,Uzbekistan,Gabon,3.0,1.0,FIFA Series,Tashkent,Uzbekistan,False,Uzbekistan,Gabon,True,True
2026-03-27,Guyana,Dominica,2.0,0.0,CONCACAF Series,Santiago de los Caballeros,Dominican Republic,True,Guyana,Dominica,True,True
2026-03-27,Belize,Sint Maarten,2.0,3.0,CONCACAF Series,Santiago de los Caballeros,Dominican Republic,True,Belize,Sint Maarten,True,True
2026-03-28,Burkina Faso,Guinea-Bissau,5.0,0.0,Friendly,Ouagadougou,Burkina Faso,False,Burkina Faso,Guinea-Bissau,True,True
2026-03-28,Canada,Iceland,2.0,2.0,Friendly,Toronto,Canada,False,Canada,Iceland,True,True
2026-03-28,Haiti,Tunisia,0.0,1.0,Friendly,Toronto,Canada,True,Haiti,Tunisia,True,True
2026-03-28,Hungary,Slovenia,1.0,0.0,Friendly,Budapest,Hungary,False,Hungary,Slovenia,True,True
2026-03-28,Ivory Coast,South Korea,4.0,0.0,Friendly,Milton Keynes,England,True,Ivory Coast,South Korea,True,True
2026-03-28,Mexico,Portugal,0.0,0.0,Friendly,Mexico City,Mexico,False,Mexico,Portugal,True,True
2026-03-28,San Marino,Faroe Islands,1.0,2.0,Friendly,Serravalle,San Marino,False,San Marino,Faroe Islands,True,True
2026-03-28,Scotland,Japan,0.0,1.0,Friendly,Glasgow,Scotland,False,Scotland,Japan,True,True
2026-03-28,Senegal,Peru,2.0,0.0,Friendly,Paris,France,True,Senegal,Peru,True,True
2026-03-28,United States,Belgium,2.0,5.0,Friendly,Atlanta,United States,False,United States,Belgium,True,True
2026-03-28,Kyrgyzstan,Madagascar,2.0,5.0,Friendly,Antalya,Turkey,True,Kyrgyzstan,Madagascar,True,True
2026-03-28,Botswana,Zimbabwe,0.0,3.0,Mukuru 4 Nations,Francistown,Botswana,False,Botswana,Zimbabwe,True,True
2026-03-28,Namibia,Comoros,0.0,0.0,FIFA Series,Astana,Kazakhstan,True,Namibia,Comoros,True,True
2026-03-28,Puerto Rico,United States Virgin Islands,2.0,0.0,FIFA Series,Bayamón,Puerto Rico,False,Puerto Rico,United States Virgin Islands,True,True
2026-03-29,Armenia,Belarus,1.0,2.0,Friendly,Yerevan,Armenia,False,Armenia,Belarus,True,True
2026-03-29,Colombia,France,1.0,3.0,Friendly,Landover,United States,True,Colombia,France,True,True
2026-03-29,Lithuania,Georgia,0.0,2.0,Friendly,Kaunas,Lithuania,False,Lithuania,Georgia,True,True
2026-03-29,Aruba,Liechtenstein,4.0,1.0,FIFA Series,Kigali,Rwanda,True,Aruba,Liechtenstein,True,True
2026-03-29,Martinique,El Salvador,0.0,1.0,CONCACAF Series,Santiago de los Caballeros,Dominican Republic,True,Martinique,El Salvador,True,True
2026-03-29,Dominican Republic,Cuba,1.0,1.0,CONCACAF Series,Santiago de los Caballeros,Dominican Republic,False,Dominican Republic,Cuba,True,True
2026-03-29,Barbados,Saint Vincent and the Grenadines,2.0,3.0,CONCACAF Series,Rincon,Bonaire,True,Barbados,Saint Vincent and the Grenadines,True,True
2026-03-29,Bonaire,Saint Martin,0.0,3.0,CONCACAF Series,Rincon,Bonaire,False,Bonaire,Saint Martin,True,True
2026-03-29,British Virgin Islands,Anguilla,4.0,0.0,CONCACAF Series,George Town,Cayman Islands,True,British Virgin Islands,Anguilla,True,True
2026-03-29,Cayman Islands,Bahamas,1.0,0.0,CONCACAF Series,George Town,Cayman Islands,False,Cayman Islands,Bahamas,True,True
2026-03-30,Cyprus,Moldova,3.0,2.0,Friendly,Nicosia,Cyprus,False,Cyprus,Moldova,True,True
2026-03-30,Germany,Ghana,2.0,1.0,Friendly,Stuttgart,Germany,False,Germany,Ghana,True,True
2026-03-30,Azerbaijan,Sierra Leone,1.0,1.0,FIFA Series,Sumgait,Azerbaijan,False,Azerbaijan,Sierra Leone,True,True
2026-03-30,Saint Kitts and Nevis,Solomon Islands,4.0,2.0,FIFA Series,Jakarta,Indonesia,True,Saint Kitts and Nevis,Solomon Islands,True,True
2026-03-30,Indonesia,Bulgaria,0.0,1.0,FIFA Series,Jakarta,Indonesia,False,Indonesia,Bulgaria,True,True
2026-03-30,Cape Verde,Finland,1.0,1.0,FIFA Series,Auckland,New Zealand,True,Cape Verde,Finland,True,True
2026-03-30,New Zealand,Chile,4.0,1.0,FIFA Series,Auckland,New Zealand,False,New Zealand,Chile,True,True
2026-03-30,Grenada,Kenya,0.0,3.0,FIFA Series,Kigali,Rwanda,True,Grenada,Kenya,True,True
2026-03-30,Rwanda,Estonia,2.0,0.0,FIFA Series,Kigali,Rwanda,False,Rwanda,Estonia,True,True
2026-03-30,Gabon,Trinidad and Tobago,2.0,2.0,FIFA Series,Tashkent,Uzbekistan,True,Gabon,Trinidad and Tobago,True,True
2026-03-30,Uzbekistan,Venezuela,0.0,0.0,FIFA Series,Tashkent,Uzbekistan,False,Uzbekistan,Venezuela,True,True
2026-03-30,Guyana,Belize,3.0,1.0,CONCACAF Series,Santiago de los Caballeros,Dominican Republic,True,Guyana,Belize,True,True
2026-03-30,Dominica,Sint Maarten,0.0,0.0,CONCACAF Series,Santiago de los Caballeros,Dominican Republic,True,Dominica,Sint Maarten,True,True
2026-03-31,Algeria,Uruguay,0.0,0.0,Friendly,Turin,Italy,True,Algeria,Uruguay,True,True
2026-03-31,Argentina,Zambia,5.0,0.0,Friendly,Buenos Aires,Argentina,False,Argentina,Zambia,True,True
2026-03-31,Austria,South Korea,1.0,0.0,Friendly,Vienna,Austria,False,Austria,South Korea,True,True
2026-03-31,Benin,Guinea,1.0,0.0,"Morocco, Capital of African Football",Casablanca,Morocco,True,Benin,Guinea,True,True
2026-03-31,Brazil,Croatia,3.0,1.0,Friendly,Orlando,United States,True,Brazil,Croatia,True,True
2026-03-31,Burkina Faso,Guinea-Bissau,1.0,1.0,Friendly,Ouagadougou,Burkina Faso,False,Burkina Faso,Guinea-Bissau,True,True
2026-03-31,Canada,Tunisia,0.0,0.0,Friendly,Toronto,Canada,False,Canada,Tunisia,True,True
2026-03-31,Costa Rica,Iran,0.0,5.0,Friendly,Antalya,Turkey,True,Costa Rica,Iran,True,True
2026-03-31,England,Japan,0.0,1.0,Friendly,London,England,False,England,Japan,True,True
2026-03-31,Equatorial Guinea,Madagascar,1.0,1.0,Friendly,Manavgat,Turkey,True,Equatorial Guinea,Madagascar,True,True
2026-03-31,Haiti,Iceland,1.0,1.0,Friendly,Toronto,Canada,True,Haiti,Iceland,True,True
2026-03-31,Hungary,Greece,0.0,0.0,Friendly,Budapest,Hungary,False,Hungary,Greece,True,True
2026-03-31,Ivory Coast,Scotland,1.0,0.0,Friendly,Liverpool,England,True,Ivory Coast,Scotland,True,True
2026-03-31,Jordan,Nigeria,2.0,2.0,Friendly,Antalya,Turkey,True,Jordan,Nigeria,True,True
2026-03-31,Liberia,Libya,2.0,2.0,"Morocco, Capital of African Football",Casablanca,Morocco,True,Liberia,Libya,True,True
2026-03-31,Botswana,Malawi,1.0,0.0,Mukuru 4 Nations,Francistown,Botswana,False,Botswana,Malawi,True,True
2026-03-31,Mexico,Belgium,1.0,1.0,Friendly,Chicago,United States,True,Mexico,Belgium,True,True
2026-03-31,Montenegro,Slovenia,2.0,3.0,Friendly,Podgorica,Montenegro,False,Montenegro,Slovenia,True,True
2026-03-31,Morocco,Paraguay,2.0,1.0,Friendly,Lens,France,True,Morocco,Paraguay,True,True
2026-03-31,Netherlands,Ecuador,1.0,1.0,Friendly,Eindhoven,Netherlands,False,Netherlands,Ecuador,True,True
2026-03-31,Niger,Togo,0.0,1.0,"Morocco, Capital of African Football",Casablanca,Morocco,True,Niger,Togo,True,True
2026-03-31,Norway,Switzerland,0.0,0.0,Friendly,Oslo,Norway,False,Norway,Switzerland,True,True
2026-03-31,Peru,Honduras,2.0,2.0,Friendly,Madrid,Spain,True,Peru,Honduras,True,True
2026-03-31,Republic of Ireland,North Macedonia,0.0,0.0,Friendly,Dublin,Republic of Ireland,False,Republic of Ireland,North Macedonia,True,True
2026-03-31,San Marino,Andorra,0.0,0.0,Friendly,Serravalle,San Marino,False,San Marino,Andorra,True,True
2026-03-31,Senegal,Gambia,3.0,1.0,Friendly,Diamniadio,Senegal,False,Senegal,Gambia,True,True
2026-03-31,Serbia,Saudi Arabia,2.0,1.0,Friendly,Bačka Topola,Serbia,False,Serbia,Saudi Arabia,True,True
2026-03-31,Slovakia,Romania,2.0,0.0,Friendly,Bratislava,Slovakia,False,Slovakia,Romania,True,True
2026-03-31,South Africa,Panama,1.0,2.0,Friendly,Cape Town,South Africa,False,South Africa,Panama,True,True
2026-03-31,Spain,Egypt,0.0,0.0,Friendly,Barcelona,Spain,False,Spain,Egypt,True,True
2026-03-31,Ukraine,Albania,1.0,0.0,Friendly,Valencia,Spain,True,Ukraine,Albania,True,True
2026-03-31,United States,Portugal,0.0,2.0,Friendly,Atlanta,United States,False,United States,Portugal,True,True
2026-03-31,Wales,Northern Ireland,1.0,1.0,Friendly,Cardiff,Wales,False,Wales,Northern Ireland,True,True
2026-03-31,DR Congo,Jamaica,1.0,0.0,FIFA World Cup qualification,Zapopan,Mexico,True,DR Congo,Jamaica,True,True
2026-03-31,Iraq,Bolivia,2.0,1.0,FIFA World Cup qualification,Guadalupe,Mexico,True,Iraq,Bolivia,True,True
2026-03-31,Bosnia and Herzegovina,Italy,1.0,1.0,FIFA World Cup qualification,Zenica,Bosnia and Herzegovina,False,Bosnia and Herzegovina,Italy,True,True
2026-03-31,Sweden,Poland,3.0,2.0,FIFA World Cup qualification,Solna,Sweden,False,Sweden,Poland,True,True
2026-03-31,Kosovo,Turkey,0.0,1.0,FIFA World Cup qualification,Pristina,Kosovo,False,Kosovo,Turkey,True,True
2026-03-31,Czech Republic,Denmark,2.0,2.0,FIFA World Cup qualification,Prague,Czech Republic,False,Czech Republic,Denmark,True,True
2026-03-31,Cameroon,China,2.0,0.0,FIFA Series,Melbourne,Australia,True,Cameroon,China,True,True
2026-03-31,Australia,Curaçao,5.0,1.0,FIFA Series,Melbourne,Australia,False,Australia,Curaçao,True,True
2026-03-31,Kazakhstan,Comoros,1.0,0.0,FIFA Series,Astana,Kazakhstan,False,Kazakhstan,Comoros,True,True
2026-05-16,Republic of Ireland,Grenada,5.0,0.0,Friendly,Murcia,Spain,True,Republic of Ireland,Grenada,True,True
2026-05-22,Mexico,Ghana,2.0,0.0,Friendly,Puebla,Mexico,False,Mexico,Ghana,True,True
2026-05-26,Morocco,Burundi,5.0,0.0,Friendly,Salé,Morocco,False,Morocco,Burundi,True,True
2026-05-26,Nigeria,Zimbabwe,2.0,0.0,Unity Cup,London,England,True,Nigeria,Zimbabwe,True,True
2026-05-27,India,Jamaica,0.0,2.0,Unity Cup,London,England,True,India,Jamaica,True,True
2026-05-28,Republic of Ireland,Qatar,1.0,0.0,Friendly,Dublin,Republic of Ireland,False,Republic of Ireland,Qatar,True,True
2026-05-29,Andorra,Iraq,0.0,1.0,Friendly,Girona,Spain,True,Andorra,Iraq,True,True
2026-05-29,Bosnia and Herzegovina,North Macedonia,0.0,0.0,Friendly,Sarajevo,Bosnia and Herzegovina,False,Bosnia and Herzegovina,North Macedonia,True,True
2026-05-29,Iran,Gambia,3.0,1.0,Friendly,Aksu,Turkey,True,Iran,Gambia,True,True
2026-05-29,South Africa,Nicaragua,0.0,0.0,Friendly,Johannesburg,South Africa,False,South Africa,Nicaragua,True,True
2026-05-30,Ecuador,Saudi Arabia,2.0,1.0,Friendly,Harrison,United States,True,Ecuador,Saudi Arabia,True,True
2026-05-30,South Korea,Trinidad and Tobago,5.0,0.0,Friendly,Provo,United States,True,South Korea,Trinidad and Tobago,True,True
2026-05-30,Mexico,Australia,1.0,0.0,Friendly,Pasadena,United States,True,Mexico,Australia,True,True
2026-05-30,Scotland,Curaçao,4.0,1.0,Friendly,Glasgow,Scotland,False,Scotland,Curaçao,True,True
2026-05-30,Zimbabwe,India,1.0,0.0,Unity Cup,London,England,True,Zimbabwe,India,True,True
2026-05-30,Nigeria,Jamaica,3.0,0.0,Unity Cup,London,England,True,Nigeria,Jamaica,True,True
2026-05-31,Brazil,Panama,6.0,2.0,Friendly,Rio de Janeiro,Brazil,False,Brazil,Panama,True,True
2026-05-31,Cape Verde,Serbia,3.0,0.0,Friendly,Lisbon,Portugal,True,Cape Verde,Serbia,True,True
2026-05-31,Czech Republic,Kosovo,2.0,1.0,Friendly,Prague,Czech Republic,False,Czech Republic,Kosovo,True,True
2026-05-31,Germany,Finland,4.0,0.0,Friendly,Mainz,Germany,False,Germany,Finland,True,True
2026-05-31,Poland,Ukraine,0.0,2.0,Friendly,Wrocław,Poland,False,Poland,Ukraine,True,True
2026-05-31,Switzerland,Jordan,4.0,1.0,Friendly,St. Gallen,Switzerland,False,Switzerland,Jordan,True,True
2026-05-31,United States,Senegal,3.0,2.0,Friendly,Charlotte,United States,False,United States,Senegal,True,True
2026-05-31,Japan,Iceland,1.0,0.0,Friendly,Tokyo,Japan,False,Japan,Iceland,True,True
2026-06-01,Austria,Tunisia,1.0,0.0,Friendly,Vienna,Austria,False,Austria,Tunisia,True,True
2026-06-01,Bulgaria,Montenegro,0.0,1.0,Friendly,Plovdiv,Bulgaria,False,Bulgaria,Montenegro,True,True
2026-06-01,Canada,Uzbekistan,2.0,0.0,Friendly,Edmonton,Canada,False,Canada,Uzbekistan,True,True
2026-06-01,Colombia,Costa Rica,3.0,1.0,Friendly,Bogotá,Colombia,False,Colombia,Costa Rica,True,True
2026-06-01,Norway,Sweden,3.0,1.0,Friendly,Oslo,Norway,False,Norway,Sweden,True,True
2026-06-01,Slovakia,Malta,2.0,1.0,Friendly,Dunajská Streda,Slovakia,False,Slovakia,Malta,True,True
2026-06-01,Turkey,North Macedonia,4.0,0.0,Friendly,Istanbul,Turkey,False,Turkey,North Macedonia,True,True
2026-06-01,Maldives,Afghanistan,0.0,1.0,Diamond Jubilee International Football Tournament,Malé,Maldives,False,Maldives,Afghanistan,True,True
2026-06-02,Croatia,Belgium,0.0,2.0,Friendly,Rijeka,Croatia,False,Croatia,Belgium,True,True
2026-06-02,Georgia,Romania,1.0,1.0,Friendly,Tbilisi,Georgia,False,Georgia,Romania,True,True
2026-06-02,Haiti,New Zealand,4.0,0.0,Friendly,Fort Lauderdale,United States,True,Haiti,New Zealand,True,True
2026-06-02,Morocco,Madagascar,4.0,0.0,Friendly,Rabat,Morocco,False,Morocco,Madagascar,True,True
2026-06-02,Wales,Ghana,1.0,1.0,Friendly,Cardiff,Wales,False,Wales,Ghana,True,True
2026-06-03,Albania,Israel,0.0,1.0,Friendly,Tirana,Albania,False,Albania,Israel,True,True
2026-06-03,DR Congo,Denmark,0.0,0.0,Friendly,Liège,Belgium,True,DR Congo,Denmark,True,True
2026-06-03,Gibraltar,British Virgin Islands,4.0,0.0,Friendly,Europa Point,Gibraltar,False,Gibraltar,British Virgin Islands,True,True
2026-06-03,South Korea,El Salvador,1.0,0.0,Friendly,Provo,United States,True,South Korea,El Salvador,True,True
2026-06-03,Luxembourg,Italy,0.0,1.0,Friendly,Luxembourg,Luxembourg,False,Luxembourg,Italy,True,True
2026-06-03,Netherlands,Algeria,0.0,1.0,Friendly,Rotterdam,Netherlands,False,Netherlands,Algeria,True,True
2026-06-03,Panama,Dominican Republic,4.0,2.0,Friendly,Panama City,Panama,False,Panama,Dominican Republic,True,True
2026-06-03,Poland,Nigeria,2.0,2.0,Friendly,Warsaw,Poland,False,Poland,Nigeria,True,True
2026-06-04,Maldives,Pakistan,0.0,3.0,Diamond Jubilee International Football Tournament,Malé,Maldives,False,Maldives,Pakistan,True,True
2026-06-04,Andorra,Liechtenstein,2.0,0.0,Friendly,Encamp,Andorra,False,Andorra,Liechtenstein,True,True
2026-06-04,Cambodia,Bhutan,4.0,0.0,Friendly,Phnom Penh,Cambodia,False,Cambodia,Bhutan,True,True
2026-06-04,France,Ivory Coast,1.0,2.0,Friendly,Nantes,France,False,France,Ivory Coast,True,True
2026-06-04,Guatemala,Czech Republic,1.0,5.0,Friendly,Harrison,United States,True,Guatemala,Czech Republic,True,True
2026-06-04,Iran,Mali,2.0,0.0,Friendly,Antalya,Turkey,True,Iran,Mali,True,True
2026-06-04,Lesotho,Kenya,1.0,1.0,Friendly,Pretoria,South Africa,True,Lesotho,Kenya,True,True
2026-06-04,Mexico,Serbia,5.0,1.0,Friendly,Toluca,Mexico,False,Mexico,Serbia,True,True
2026-06-04,Northern Ireland,Guinea,1.0,0.0,Friendly,La Línea de la Concepción,Spain,True,Northern Ireland,Guinea,True,True
2026-06-04,Slovenia,Cyprus,1.0,1.0,Friendly,Ljubljana,Slovenia,False,Slovenia,Cyprus,True,True
2026-06-04,Spain,Iraq,1.0,1.0,Friendly,A Coruña,Spain,False,Spain,Iraq,True,True
2026-06-04,Sweden,Greece,2.0,2.0,Friendly,Solna,Sweden,False,Sweden,Greece,True,True
2026-06-05,Angola,Mauritania,1.0,1.0,Friendly,Casablanca,Morocco,True,Angola,Mauritania,True,True
2026-06-05,Azerbaijan,Malta,0.0,2.0,Friendly,Szombathely,Hungary,True,Azerbaijan,Malta,True,True
2026-06-05,Belarus,Syria,4.0,1.0,Friendly,Minsk,Belarus,False,Belarus,Syria,True,True
2026-06-05,Canada,Republic of Ireland,1.0,1.0,Friendly,Montreal,Canada,False,Canada,Republic of Ireland,True,True
2026-06-05,Georgia,Bahrain,2.0,0.0,Friendly,Tbilisi,Georgia,False,Georgia,Bahrain,True,True
2026-06-05,Haiti,Peru,1.0,2.0,Friendly,Miami,United States,True,Haiti,Peru,True,True
2026-06-05,Hungary,Finland,2.0,1.0,Friendly,Budapest,Hungary,False,Hungary,Finland,True,True
2026-06-05,Indonesia,Oman,3.0,0.0,Friendly,Jakarta,Indonesia,False,Indonesia,Oman,True,True
2026-06-05,Moldova,Bulgaria,2.0,2.0,Friendly,Chișinău,Moldova,False,Moldova,Bulgaria,True,True
2026-06-05,Paraguay,Nicaragua,4.0,0.0,Friendly,Asunción,Paraguay,False,Paraguay,Nicaragua,True,True
2026-06-05,San Marino,Bangladesh,1.0,2.0,Friendly,Serravalle,San Marino,False,San Marino,Bangladesh,True,True
2026-06-05,Singapore,China,1.0,2.0,Friendly,Singapore,Singapore,False,Singapore,China,True,True
2026-06-05,Slovakia,Montenegro,2.0,2.0,Friendly,Košice,Slovakia,False,Slovakia,Montenegro,True,True
2026-06-05,Tajikistan,India,3.0,1.0,Friendly,Tursunzoda,Tajikistan,False,Tajikistan,India,True,True
2026-06-05,Thailand,Kuwait,2.0,2.0,Friendly,Pathum Thani,Thailand,False,Thailand,Kuwait,True,True
2026-06-05,Benin,Niger,1.0,1.0,Friendly,Casablanca,Morocco,True,Benin,Niger,True,True
2026-06-05,Central African Republic,Togo,1.0,1.0,Friendly,Mohammedia,Morocco,True,Central African Republic,Togo,True,True
2026-06-05,Puerto Rico,Saudi Arabia,0.0,3.0,Friendly,Austin,United States,True,Puerto Rico,Saudi Arabia,True,True
2026-06-06,Vanuatu,Fiji,2.0,1.0,Friendly,Port Vila,Vanuatu,False,Vanuatu,Fiji,True,True
2026-06-06,Albania,Luxembourg,0.0,1.0,Friendly,Tirana,Albania,False,Albania,Luxembourg,True,True
2026-06-06,Argentina,Honduras,2.0,0.0,Friendly,College Station,United States,True,Argentina,Honduras,True,True
2026-06-06,Armenia,Kazakhstan,1.0,1.0,Friendly,Yerevan,Armenia,False,Armenia,Kazakhstan,True,True
2026-06-06,Australia,Switzerland,1.0,1.0,Friendly,San Diego,United States,True,Australia,Switzerland,True,True
2026-06-06,Belgium,Tunisia,5.0,0.0,Friendly,Brussels,Belgium,False,Belgium,Tunisia,True,True
2026-06-06,Bermuda,Cape Verde,3.0,0.0,Friendly,East Hartford,United States,True,Bermuda,Cape Verde,True,True
2026-06-06,Bolivia,Scotland,0.0,4.0,Friendly,Harrison,United States,True,Bolivia,Scotland,True,True
2026-06-06,Brazil,Egypt,2.0,1.0,Friendly,Cleveland,United States,True,Brazil,Egypt,True,True
2026-06-06,Curaçao,Aruba,4.0,0.0,Friendly,Willemstad,Curaçao,False,Curaçao,Aruba,True,True
2026-06-06,England,New Zealand,1.0,0.0,Friendly,Tampa,United States,True,England,New Zealand,True,True
2026-06-06,Sierra Leone,Liberia,1.0,0.0,Friendly,Bo,Sierra Leone,False,Sierra Leone,Liberia,True,True
2026-06-06,Ethiopia,Malawi,1.0,0.0,Friendly,Dire Dawa,Ethiopia,False,Ethiopia,Malawi,True,True
2026-06-06,Jamaica,South Africa,0.0,1.0,Friendly,Pachuca,Mexico,True,Jamaica,South Africa,True,True
2026-06-06,Kyrgyzstan,Palestine,0.0,0.0,Friendly,Bishkek,Kyrgyzstan,False,Kyrgyzstan,Palestine,True,True
2026-06-06,Panama,Bosnia and Herzegovina,1.0,1.0,Friendly,St. Louis,United States,True,Panama,Bosnia and Herzegovina,True,True
2026-06-06,Portugal,Chile,2.0,1.0,Friendly,Oeiras,Portugal,False,Portugal,Chile,True,True
2026-06-06,Qatar,El Salvador,0.0,0.0,Friendly,Los Angeles,United States,True,Qatar,El Salvador,True,True
2026-06-06,Romania,Wales,2.0,1.0,Friendly,Bucharest,Romania,False,Romania,Wales,True,True
2026-06-06,United States,Germany,1.0,2.0,Friendly,Chicago,United States,False,United States,Germany,True,True
2026-06-06,British Virgin Islands,Bonaire,2.0,0.0,Friendly,Málaga,Spain,True,British Virgin Islands,Bonaire,True,True
2026-06-06,Gibraltar,Cayman Islands,4.0,1.0,Friendly,Europa Point,Gibraltar,False,Gibraltar,Cayman Islands,True,True
2026-06-06,Venezuela,Turkey,1.0,2.0,Friendly,Fort Lauderdale,United States,True,Venezuela,Turkey,True,True
2026-06-06,Lithuania,Latvia,1.0,1.0,Baltic Cup,Kaunas,Lithuania,False,Lithuania,Latvia,True,True
2026-06-06,Estonia,Faroe Islands,1.0,0.0,Baltic Cup,Pärnu,Estonia,False,Estonia,Faroe Islands,True,True
2026-06-07,Afghanistan,Pakistan,0.0,2.0,Diamond Jubilee International Football Tournament,Malé,Maldives,True,Afghanistan,Pakistan,True,True
2026-06-07,Croatia,Slovenia,2.0,1.0,Friendly,Varaždin,Croatia,False,Croatia,Slovenia,True,True
2026-06-07,Ecuador,Guatemala,3.0,0.0,Friendly,Columbus,United States,True,Ecuador,Guatemala,True,True
2026-06-07,Greece,Italy,0.0,1.0,Friendly,Heraklion,Greece,False,Greece,Italy,True,True
2026-06-07,Jordan,Colombia,0.0,2.0,Friendly,San Diego,United States,True,Jordan,Colombia,True,True
2026-06-07,Kosovo,Andorra,3.0,0.0,Friendly,Pristina,Kosovo,False,Kosovo,Andorra,True,True
2026-06-07,Liechtenstein,Cyprus,0.0,2.0,Friendly,Vaduz,Liechtenstein,False,Liechtenstein,Cyprus,True,True
2026-06-07,Morocco,Norway,1.0,1.0,Friendly,Harrison,United States,True,Morocco,Norway,True,True
2026-06-07,Denmark,Ukraine,2.0,1.0,Friendly,Odense,Denmark,False,Denmark,Ukraine,True,True
2026-06-08,France,Northern Ireland,3.0,1.0,Friendly,Lille,France,False,France,Northern Ireland,True,True
2026-06-08,Netherlands,Uzbekistan,2.0,1.0,Friendly,New York,United States,True,Netherlands,Uzbekistan,True,True
2026-06-08,Peru,Spain,1.0,3.0,Friendly,Puebla,Mexico,True,Peru,Spain,True,True
2026-06-08,Mauritania,Niger,1.0,0.0,Friendly,Casablanca,Morocco,True,Mauritania,Niger,True,True
2026-06-09,Angola,Central African Republic,3.0,0.0,Friendly,Casablanca,Morocco,True,Angola,Central African Republic,True,True
2026-06-09,Argentina,Iceland,3.0,0.0,Friendly,Auburn,United States,True,Argentina,Iceland,True,True
2026-06-09,Armenia,Moldova,1.0,1.0,Friendly,Yerevan,Armenia,False,Armenia,Moldova,True,True
2026-06-09,Azerbaijan,San Marino,2.0,1.0,Friendly,Szombathely,Hungary,True,Azerbaijan,San Marino,True,True
2026-06-09,Belarus,Burkina Faso,2.0,2.0,Friendly,Minsk,Belarus,False,Belarus,Burkina Faso,True,True
2026-06-09,Cambodia,Hong Kong,2.0,0.0,Friendly,Phnom Penh,Cambodia,False,Cambodia,Hong Kong,True,True
2026-06-09,China,Thailand,0.0,0.0,Friendly,Hangzhou,China,False,China,Thailand,True,True
2026-06-09,DR Congo,Chile,1.0,2.0,Friendly,Orléans,France,True,DR Congo,Chile,True,True
2026-06-09,Equatorial Guinea,Comoros,0.0,1.0,Friendly,Marrakesh,Morocco,True,Equatorial Guinea,Comoros,True,True
2026-06-09,Ethiopia,Malawi,1.0,1.0,Friendly,Dire Dawa,Ethiopia,False,Ethiopia,Malawi,True,True
2026-06-09,Hungary,Kazakhstan,3.0,1.0,Friendly,Debrecen,Hungary,False,Hungary,Kazakhstan,True,True
2026-06-09,Indonesia,Mozambique,1.0,0.0,Friendly,Jakarta,Indonesia,False,Indonesia,Mozambique,True,True
2026-06-09,Kyrgyzstan,Palestine,0.0,0.0,Friendly,Bishkek,Kyrgyzstan,False,Kyrgyzstan,Palestine,True,True
2026-06-09,Saudi Arabia,Senegal,0.0,0.0,Friendly,San Antonio,United States,True,Saudi Arabia,Senegal,True,True
2026-06-09,Tajikistan,India,1.0,1.0,Friendly,Hisor,Tajikistan,False,Tajikistan,India,True,True
2026-06-09,Philippines,Myanmar,5.0,1.0,Tri-Nations Cup,Manila,Philippines,False,Philippines,Myanmar,True,True
2026-06-09,Latvia,Faroe Islands,0.0,1.0,Baltic Cup,Riga,Latvia,False,Latvia,Faroe Islands,True,True
2026-06-09,Estonia,Lithuania,1.0,0.0,Baltic Cup,Tallinn,Estonia,False,Estonia,Lithuania,True,True
2026-06-09,Togo,Benin,5.0,1.0,Friendly,Lomé,Togo,False,Togo,Benin,True,True
2026-06-09,Liberia,Sierra Leone,3.0,1.0,Friendly,Monrovia,Liberia,False,Liberia,Sierra Leone,True,True
2026-06-09,Iraq,Venezuela,0.0,2.0,Friendly,Bridgeview,United States,True,Iraq,Venezuela,True,True
2026-06-10,Bolivia,Algeria,0.0,4.0,Friendly,Kansas City,United States,True,Bolivia,Algeria,True,True
2026-06-10,England,Costa Rica,3.0,0.0,Friendly,Orlando,United States,True,England,Costa Rica,True,True
2026-06-10,Portugal,Nigeria,2.0,1.0,Friendly,Leiria,Portugal,False,Portugal,Nigeria,True,True
2026-06-10,Afghanistan,Pakistan,0.0,2.0,Diamond Jubilee International Football Tournament,Malé,Maldives,True,Afghanistan,Pakistan,True,True
2026-06-11,Mexico,South Africa,2.0,0.0,FIFA World Cup,Mexico City,Mexico,False,Mexico,South Africa,True,True
2026-06-11,South Korea,Czech Republic,2.0,1.0,FIFA World Cup,Zapopan,Mexico,True,South Korea,Czech Republic,True,True
2026-06-12,Canada,Bosnia and Herzegovina,1.0,1.0,FIFA World Cup,Toronto,Canada,False,Canada,Bosnia and Herzegovina,True,True
2026-06-12,United States,Paraguay,4.0,1.0,FIFA World Cup,Inglewood,United States,False,United States,Paraguay,True,True
2026-06-13,Qatar,Switzerland,1.0,1.0,FIFA World Cup,Santa Clara,United States,True,Qatar,Switzerland,True,True
2026-06-13,Brazil,Morocco,1.0,1.0,FIFA World Cup,East Rutherford,United States,True,Brazil,Morocco,True,True
2026-06-13,Haiti,Scotland,0.0,1.0,FIFA World Cup,Foxborough,United States,True,Haiti,Scotland,True,True
2026-06-13,Australia,Turkey,2.0,0.0,FIFA World Cup,Vancouver,Canada,True,Australia,Turkey,True,True
2026-06-14,Germany,Curaçao,7.0,1.0,FIFA World Cup,Houston,United States,True,Germany,Curaçao,True,True
2026-06-14,Ivory Coast,Ecuador,1.0,0.0,FIFA World Cup,Philadelphia,United States,True,Ivory Coast,Ecuador,True,True
2026-06-14,Netherlands,Japan,2.0,2.0,FIFA World Cup,Arlington,United States,True,Netherlands,Japan,True,True
2026-06-14,Sweden,Tunisia,5.0,1.0,FIFA World Cup,Guadalupe,Mexico,True,Sweden,Tunisia,True,True
2026-06-15,Belgium,Egypt,1.0,1.0,FIFA World Cup,Seattle,United States,True,Belgium,Egypt,True,True
2026-06-15,Iran,New Zealand,2.0,2.0,FIFA World Cup,Inglewood,United States,True,Iran,New Zealand,True,True
2026-06-15,Spain,Cape Verde,0.0,0.0,FIFA World Cup,Atlanta,United States,True,Spain,Cape Verde,True,True
2026-06-15,Saudi Arabia,Uruguay,1.0,1.0,FIFA World Cup,Miami Gardens,United States,True,Saudi Arabia,Uruguay,True,True
2026-06-16,France,Senegal,3.0,1.0,FIFA World Cup,East Rutherford,United States,True,France,Senegal,True,True
2026-06-16,Iraq,Norway,1.0,4.0,FIFA World Cup,Foxborough,United States,True,Iraq,Norway,True,True
2026-06-16,Argentina,Algeria,3.0,0.0,FIFA World Cup,Kansas City,United States,True,Argentina,Algeria,True,True
2026-06-16,Austria,Jordan,3.0,1.0,FIFA World Cup,Santa Clara,United States,True,Austria,Jordan,True,True
2026-06-17,Portugal,DR Congo,1.0,1.0,FIFA World Cup,Houston,United States,True,Portugal,DR Congo,True,True
2026-06-17,Uzbekistan,Colombia,1.0,3.0,FIFA World Cup,Mexico City,Mexico,True,Uzbekistan,Colombia,True,True
2026-06-17,England,Croatia,4.0,2.0,FIFA World Cup,Arlington,United States,True,England,Croatia,True,True
2026-06-17,Ghana,Panama,1.0,0.0,FIFA World Cup,Toronto,Canada,True,Ghana,Panama,True,True
2026-06-18,Czech Republic,South Africa,1.0,1.0,FIFA World Cup,Atlanta,United States,True,Czech Republic,South Africa,True,True
2026-06-18,Mexico,South Korea,1.0,0.0,FIFA World Cup,Zapopan,Mexico,False,Mexico,South Korea,True,True
2026-06-18,Switzerland,Bosnia and Herzegovina,4.0,1.0,FIFA World Cup,Inglewood,United States,True,Switzerland,Bosnia and Herzegovina,True,True
2026-06-18,Canada,Qatar,6.0,0.0,FIFA World Cup,Vancouver,Canada,False,Canada,Qatar,True,True
2026-06-19,Scotland,Morocco,0.0,1.0,FIFA World Cup,Foxborough,United States,True,Scotland,Morocco,True,True
2026-06-19,Brazil,Haiti,3.0,0.0,FIFA World Cup,Philadelphia,United States,True,Brazil,Haiti,True,True
2026-06-19,United States,Australia,2.0,0.0,FIFA World Cup,Seattle,United States,False,United States,Australia,True,True
2026-06-19,Turkey,Paraguay,0.0,1.0,FIFA World Cup,Santa Clara,United States,True,Turkey,Paraguay,True,True
2026-06-20,Germany,Ivory Coast,2.0,1.0,FIFA World Cup,Toronto,Canada,True,Germany,Ivory Coast,True,True
2026-06-20,Ecuador,Curaçao,0.0,0.0,FIFA World Cup,Kansas City,United States,True,Ecuador,Curaçao,True,True
2026-06-20,Netherlands,Sweden,5.0,1.0,FIFA World Cup,Houston,United States,True,Netherlands,Sweden,True,True
2026-06-20,Tunisia,Japan,0.0,4.0,FIFA World Cup,Guadalupe,Mexico,True,Tunisia,Japan,True,True
2026-06-21,Belgium,Iran,0.0,0.0,FIFA World Cup,Inglewood,United States,True,Belgium,Iran,True,True
2026-06-21,New Zealand,Egypt,1.0,3.0,FIFA World Cup,Vancouver,Canada,True,New Zealand,Egypt,True,True
2026-06-21,Spain,Saudi Arabia,4.0,0.0,FIFA World Cup,Atlanta,United States,True,Spain,Saudi Arabia,True,True
2026-06-21,Uruguay,Cape Verde,2.0,2.0,FIFA World Cup,Miami Gardens,United States,True,Uruguay,Cape Verde,True,True
2026-06-22,France,Iraq,3.0,0.0,FIFA World Cup,Philadelphia,United States,True,France,Iraq,True,True
2026-06-22,Norway,Senegal,3.0,2.0,FIFA World Cup,East Rutherford,United States,True,Norway,Senegal,True,True
2026-06-22,Argentina,Austria,2.0,0.0,FIFA World Cup,Arlington,United States,True,Argentina,Austria,True,True
2026-06-22,Jordan,Algeria,1.0,2.0,FIFA World Cup,Santa Clara,United States,True,Jordan,Algeria,True,True
2026-06-23,Portugal,Uzbekistan,5.0,0.0,FIFA World Cup,Houston,United States,True,Portugal,Uzbekistan,True,True
2026-06-23,Colombia,DR Congo,1.0,0.0,FIFA World Cup,Zapopan,Mexico,True,Colombia,DR Congo,True,True
2026-06-23,England,Ghana,0.0,0.0,FIFA World Cup,Foxborough,United States,True,England,Ghana,True,True
2026-06-23,Panama,Croatia,0.0,1.0,FIFA World Cup,Toronto,Canada,True,Panama,Croatia,True,True
2026-06-24,Mexico,Czech Republic,3.0,0.0,FIFA World Cup,Mexico City,Mexico,False,Mexico,Czech Republic,True,True
2026-06-24,South Africa,South Korea,1.0,0.0,FIFA World Cup,Guadalupe,Mexico,True,South Africa,South Korea,True,True
2026-06-24,Canada,Switzerland,1.0,2.0,FIFA World Cup,Vancouver,Canada,False,Canada,Switzerland,True,True
2026-06-24,Bosnia and Herzegovina,Qatar,3.0,1.0,FIFA World Cup,Seattle,United States,True,Bosnia and Herzegovina,Qatar,True,True
2026-06-24,Scotland,Brazil,0.0,3.0,FIFA World Cup,Miami Gardens,United States,True,Scotland,Brazil,True,True
2026-06-24,Morocco,Haiti,4.0,2.0,FIFA World Cup,Atlanta,United States,True,Morocco,Haiti,True,True
2026-06-25,United States,Turkey,2.0,3.0,FIFA World Cup,Inglewood,United States,False,United States,Turkey,True,True
2026-06-25,Paraguay,Australia,0.0,0.0,FIFA World Cup,Santa Clara,United States,True,Paraguay,Australia,True,True
2026-06-25,Curaçao,Ivory Coast,0.0,2.0,FIFA World Cup,Philadelphia,United States,True,Curaçao,Ivory Coast,True,True
2026-06-25,Ecuador,Germany,2.0,1.0,FIFA World Cup,East Rutherford,United States,True,Ecuador,Germany,True,True
2026-06-25,Japan,Sweden,1.0,1.0,FIFA World Cup,Arlington,United States,True,Japan,Sweden,True,True
2026-06-25,Tunisia,Netherlands,1.0,3.0,FIFA World Cup,Kansas City,United States,True,Tunisia,Netherlands,True,True
2026-06-26,Egypt,Iran,1.0,1.0,FIFA World Cup,Seattle,United States,True,Egypt,Iran,True,True
2026-06-26,New Zealand,Belgium,1.0,5.0,FIFA World Cup,Vancouver,Canada,True,New Zealand,Belgium,True,True
2026-06-26,Cape Verde,Saudi Arabia,0.0,0.0,FIFA World Cup,Houston,United States,True,Cape Verde,Saudi Arabia,True,True
2026-06-26,Uruguay,Spain,0.0,1.0,FIFA World Cup,Zapopan,Mexico,True,Uruguay,Spain,True,True
2026-06-26,Norway,France,1.0,4.0,FIFA World Cup,Foxborough,United States,True,Norway,France,True,True
2026-06-26,Senegal,Iraq,5.0,0.0,FIFA World Cup,Toronto,Canada,True,Senegal,Iraq,True,True
2026-06-27,Algeria,Austria,3.0,3.0,FIFA World Cup,Kansas City,United States,True,Algeria,Austria,True,True
2026-06-27,Jordan,Argentina,1.0,3.0,FIFA World Cup,Arlington,United States,True,Jordan,Argentina,True,True
2026-06-27,Colombia,Portugal,0.0,0.0,FIFA World Cup,Miami Gardens,United States,True,Colombia,Portugal,True,True
2026-06-27,DR Congo,Uzbekistan,3.0,1.0,FIFA World Cup,Atlanta,United States,True,DR Congo,Uzbekistan,True,True
2026-06-27,Panama,England,0.0,2.0,FIFA World Cup,East Rutherford,United States,True,Panama,England,True,True
2026-06-27,Croatia,Ghana,2.0,1.0,FIFA World Cup,Philadelphia,United States,True,Croatia,Ghana,True,True
2026-06-28,South Africa,Canada,0.0,1.0,FIFA World Cup,Inglewood,United States,True,South Africa,Canada,True,True
2026-06-29,Brazil,Japan,2.0,1.0,FIFA World Cup,Houston,United States,True,Brazil,Japan,True,True
2026-06-29,Germany,Paraguay,1.0,1.0,FIFA World Cup,Foxborough,United States,True,Germany,Paraguay,True,True
2026-06-29,Netherlands,Morocco,1.0,1.0,FIFA World Cup,Guadalupe,Mexico,True,Netherlands,Morocco,True,True
2026-06-30,Ivory Coast,Norway,1.0,2.0,FIFA World Cup,Arlington,United States,True,Ivory Coast,Norway,True,True
2026-06-30,France,Sweden,3.0,0.0,FIFA World Cup,East Rutherford,United States,True,France,Sweden,True,True
2026-06-30,Mexico,Ecuador,2.0,0.0,FIFA World Cup,Mexico City,Mexico,False,Mexico,Ecuador,True,True
2026-07-01,England,DR Congo,2.0,1.0,FIFA World Cup,Atlanta,United States,True,England,DR Congo,True,True
2026-07-01,Belgium,Senegal,3.0,2.0,FIFA World Cup,Seattle,United States,True,Belgium,Senegal,True,True
2026-07-01,United States,Bosnia and Herzegovina,2.0,0.0,FIFA World Cup,Santa Clara,United States,False,United States,Bosnia and Herzegovina,True,True
2026-07-02,Spain,Austria,3.0,0.0,FIFA World Cup,Inglewood,United States,True,Spain,Austria,True,True
2026-07-02,Portugal,Croatia,2.0,1.0,FIFA World Cup,Toronto,Canada,True,Portugal,Croatia,True,True
2026-07-02,Switzerland,Algeria,2.0,0.0,FIFA World Cup,Vancouver,Canada,True,Switzerland,Algeria,True,True
2026-07-03,Australia,Egypt,1.0,1.0,FIFA World Cup,Arlington,United States,True,Australia,Egypt,True,True
2026-07-03,Argentina,Cape Verde,3.0,2.0,FIFA World Cup,Miami Gardens,United States,True,Argentina,Cape Verde,True,True
2026-07-03,Colombia,Ghana,1.0,0.0,FIFA World Cup,Kansas City,United States,True,Colombia,Ghana,True,True
2026-07-04,Canada,Morocco,0.0,3.0,FIFA World Cup,Houston,United States,True,Canada,Morocco,True,True
2026-07-04,Paraguay,France,0.0,1.0,FIFA World Cup,Philadelphia,United States,True,Paraguay,France,True,True
2026-07-05,Brazil,Norway,1.0,2.0,FIFA World Cup,East Rutherford,United States,True,Brazil,Norway,True,True
2026-07-05,Mexico,England,2.0,3.0,FIFA World Cup,Mexico City,Mexico,False,Mexico,England,True,True
2026-07-06,Portugal,Spain,0.0,1.0,FIFA World Cup,Dallas,United States,True,Portugal,Spain,True,True
2026-07-06,United States,Belgium,1.0,4.0,FIFA World Cup,Seattle,United States,False,United States,Belgium,True,True
2026-07-07,Argentina,Egypt,3.0,2.0,FIFA World Cup,Atlanta,United States,True,Argentina,Egypt,True,True
2026-07-07,Switzerland,Colombia,0.0,0.0,FIFA World Cup,Vancouver,Canada,True,Switzerland,Colombia,True,True
2026-07-09,France,Morocco,2.0,0.0,FIFA World Cup,Foxborough,United States,True,France,Morocco,True,True
2026-07-10,Spain,Belgium,2.0,1.0,FIFA World Cup,Inglewood,United States,True,Spain,Belgium,True,True
2026-07-11,Norway,England,1.0,2.0,FIFA World Cup,Miami Gardens,United States,True,Norway,England,True,True
2026-07-11,Argentina,Switzerland,3.0,1.0,FIFA World Cup,Kansas City,United States,True,Argentina,Switzerland,True,True
2026-07-14,France,Spain,0.0,2.0,FIFA World Cup,Arlington,United States,True,France,Spain,True,True
2026-07-15,England,Argentina,1.0,2.0,FIFA World Cup,Atlanta,United States,True,England,Argentina,True,True
